Date,Description,Debit,Credit
02/01/2026,DEPOT PAIE EMPLOYEUR XYZ,,1861.15
07/01/2026,LOYER JANVIER,935.75,
10/01/2026,IGA MONTREAL,36.98,
06/01/2026,IGA MONTREAL,59.52,
04/01/2026,IGA MONTREAL,34.68,
10/01/2026,IGA MONTREAL,58.06,
09/01/2026,ESSO STATION SERVICE,58.60,
08/01/2026,NETFLIX.COM,16.99,
09/01/2026,PHARMACIE JEAN COUTU,32.43,
26/01/2026,RESTAURANT LA BANQUISE,29.79,
09/01/2026,VIREMENT INTERAC RECU,,39.33
02/02/2026,DEPOT PAIE EMPLOYEUR XYZ,,1836.93
07/02/2026,LOYER FEVRIER,937.78,
14/02/2026,METRO,60.19,
04/02/2026,METRO,56.81,
15/02/2026,IGA MONTREAL,57.60,
10/02/2026,ESSO STATION SERVICE,58.09,
12/02/2026,NETFLIX.COM,16.99,
23/02/2026,PHARMACIE JEAN COUTU,14.67,
02/03/2026,DEPOT PAIE EMPLOYEUR XYZ,,1878.43
07/03/2026,LOYER MARS,960.99,
11/03/2026,METRO,61.78,
14/03/2026,IGA MONTREAL,48.51,
09/03/2026,METRO,65.09,
24/03/2026,IGA MONTREAL,60.46,
05/03/2026,ESSO STATION SERVICE,55.82,
17/03/2026,ULTRAMAR,45.59,
21/03/2026,NETFLIX.COM,16.99,
11/03/2026,RESTAURANT LA BANQUISE,50.29,
02/03/2026,VIREMENT INTERAC ENVOYE,39.15,
02/04/2026,DEPOT PAIE EMPLOYEUR XYZ,,1842.09
07/04/2026,LOYER AVRIL,936.99,
25/04/2026,METRO,40.63,
18/04/2026,METRO,74.23,
23/04/2026,METRO,37.14,
07/04/2026,IGA MONTREAL,67.25,
20/04/2026,METRO,67.35,
07/04/2026,ESSO STATION SERVICE,64.55,
13/04/2026,ULTRAMAR,57.95,
05/04/2026,NETFLIX.COM,16.99,
03/04/2026,PHARMACIE JEAN COUTU,31.14,
06/04/2026,VIREMENT INTERAC RECU,,77.52
03/04/2026,VIREMENT INTERAC ENVOYE,26.54,
02/05/2026,DEPOT PAIE EMPLOYEUR XYZ,,1857.67
07/05/2026,LOYER MAI,949.04,
20/05/2026,IGA MONTREAL,64.01,
06/05/2026,METRO,68.43,
13/05/2026,IGA MONTREAL,44.68,
08/05/2026,METRO,30.16,
09/05/2026,ESSO STATION SERVICE,64.02,
18/05/2026,ULTRAMAR,53.24,
17/05/2026,NETFLIX.COM,16.99,
21/05/2026,VIREMENT INTERAC RECU,,60.46
12/05/2026,VIREMENT INTERAC ENVOYE,37.88,
02/06/2026,DEPOT PAIE EMPLOYEUR XYZ,,1853.15
07/06/2026,LOYER JUIN,958.36,
03/06/2026,METRO,54.43,
06/06/2026,METRO,73.94,
12/06/2026,IGA MONTREAL,32.90,
21/06/2026,IGA MONTREAL,34.28,
18/06/2026,IGA MONTREAL,78.90,
08/06/2026,ESSO STATION SERVICE,61.38,
17/06/2026,ULTRAMAR,56.94,
06/06/2026,NETFLIX.COM,16.99,
28/06/2026,PHARMACIE JEAN COUTU,27.56,
02/07/2026,DEPOT PAIE EMPLOYEUR XYZ,,1865.19
07/07/2026,LOYER JUILLET,956.39,
24/07/2026,METRO,51.91,
19/07/2026,METRO,36.05,
10/07/2026,IGA MONTREAL,46.90,
21/07/2026,IGA MONTREAL,59.42,
04/07/2026,ESSO STATION SERVICE,44.70,
08/07/2026,NETFLIX.COM,16.99,
02/07/2026,PHARMACIE JEAN COUTU,33.63,
08/07/2026,RESTAURANT LA BANQUISE,33.35,
18/07/2026,VIREMENT INTERAC RECU,,37.94
02/08/2026,DEPOT PAIE EMPLOYEUR XYZ,,1855.68
07/08/2026,LOYER AOUT,949.18,
16/08/2026,IGA MONTREAL,34.72,
24/08/2026,METRO,47.71,
16/08/2026,METRO,73.19,
04/08/2026,IGA MONTREAL,33.03,
09/08/2026,ESSO STATION SERVICE,51.14,
08/08/2026,NETFLIX.COM,16.99,
18/08/2026,PHARMACIE JEAN COUTU,23.77,
08/08/2026,VIREMENT INTERAC RECU,,82.47
26/08/2026,VIREMENT INTERAC ENVOYE,40.84,
02/09/2026,DEPOT PAIE EMPLOYEUR XYZ,,1854.03
07/09/2026,LOYER SEPTEMBRE,936.52,
03/09/2026,IGA MONTREAL,76.32,
10/09/2026,IGA MONTREAL,50.32,
18/09/2026,IGA MONTREAL,73.23,
04/09/2026,IGA MONTREAL,48.95,
15/09/2026,METRO,76.33,
10/09/2026,ESSO STATION SERVICE,53.92,
18/09/2026,ULTRAMAR,51.24,
16/09/2026,NETFLIX.COM,16.99,
10/09/2026,PHARMACIE JEAN COUTU,18.22,
24/09/2026,RESTAURANT LA BANQUISE,41.27,
19/09/2026,VIREMENT INTERAC ENVOYE,29.30,
02/10/2026,DEPOT PAIE EMPLOYEUR XYZ,,1883.55
07/10/2026,LOYER OCTOBRE,950.93,
19/10/2026,IGA MONTREAL,72.57,
05/10/2026,IGA MONTREAL,63.76,
10/10/2026,METRO,35.99,
08/10/2026,ESSO STATION SERVICE,48.91,
20/10/2026,NETFLIX.COM,16.99,
22/10/2026,PHARMACIE JEAN COUTU,27.01,
23/10/2026,VIREMENT INTERAC ENVOYE,24.43,
02/11/2026,DEPOT PAIE EMPLOYEUR XYZ,,1831.25
07/11/2026,LOYER NOVEMBRE,938.93,
12/11/2026,METRO,45.81,
27/11/2026,IGA MONTREAL,30.47,
22/11/2026,IGA MONTREAL,33.66,
09/11/2026,METRO,36.62,
14/11/2026,IGA MONTREAL,73.96,
06/11/2026,ESSO STATION SERVICE,49.84,
18/11/2026,ULTRAMAR,52.07,
20/11/2026,NETFLIX.COM,16.99,
02/12/2026,DEPOT PAIE EMPLOYEUR XYZ,,1854.37
07/12/2026,LOYER DECEMBRE,962.95,
07/12/2026,METRO,35.77,
06/12/2026,IGA MONTREAL,43.62,
22/12/2026,IGA MONTREAL,65.88,
05/12/2026,ESSO STATION SERVICE,59.50,
17/12/2026,NETFLIX.COM,16.99,
28/12/2026,PHARMACIE JEAN COUTU,14.22,
11/12/2026,VIREMENT INTERAC ENVOYE,38.13,
14/03/2026,IGA MONTREAL,61.40,
14/03/2026,IGA MONTREAL,61.40,
18/06/2026,,12.34,
22/08/2026,TRANSACTION INCOMPLETE,,
