Transaction Date,Description,Amount
2026-01-01,Virement depuis compte cheque,427.42
2026-01-03,Interet mensuel,3.29
2026-02-01,Virement depuis compte cheque,410.34
2026-02-03,Interet mensuel,3.78
2026-02-12,Retrait guichet,-203.41
2026-03-01,Virement depuis compte cheque,438.20
2026-03-03,Interet mensuel,2.95
2026-03-21,Retrait guichet,-159.90
2026-04-01,Virement depuis compte cheque,329.62
2026-04-03,Interet mensuel,2.88
2026-05-01,Virement depuis compte cheque,479.80
2026-05-03,Interet mensuel,4.89
2026-06-01,Virement depuis compte cheque,479.78
2026-06-03,Interet mensuel,3.13
2026-06-13,Retrait guichet,-132.44
2026-07-01,Virement depuis compte cheque,411.98
2026-07-03,Interet mensuel,5.12
2026-08-01,Virement depuis compte cheque,449.90
2026-08-03,Interet mensuel,5.28
2026-08-15,Retrait guichet,-207.14
2026-09-01,Virement depuis compte cheque,462.15
2026-09-03,Interet mensuel,5.14
2026-09-20,Retrait guichet,-183.89
2026-10-01,Virement depuis compte cheque,382.34
2026-10-03,Interet mensuel,4.51
2026-11-01,Virement depuis compte cheque,349.63
2026-11-03,Interet mensuel,2.98
2026-12-01,Virement depuis compte cheque,376.51
2026-12-03,Interet mensuel,2.62
