Date,Merchant,Amount
2026-07-15,UBER EATS,39.04
2026-07-22,TIM HORTONS,44.64
2026-07-20,RESTAURANT ST-HUBERT,43.50
2026-07-15,ESSO STATION SERVICE,60.25
2026-07-24,ABONNEMENT SPOTIFY,10.99
2026-07-14,AMAZON.CA,79.83
2026-07-18,PAIEMENT RECU - MERCI,-213.51
2026-08-24,RESTAURANT ST-HUBERT,28.50
2026-08-25,UBER EATS,40.20
2026-08-09,TIM HORTONS,29.54
2026-08-08,ESSO STATION SERVICE,53.49
2026-08-03,ABONNEMENT SPOTIFY,10.99
2026-08-08,AMAZON.CA,46.30
2026-08-11,PAIEMENT RECU - MERCI,-267.16
2026-09-05,UBER EATS,21.94
2026-09-23,UBER EATS,36.19
2026-09-03,RESTAURANT ST-HUBERT,27.23
2026-09-18,ESSO STATION SERVICE,57.32
2026-09-02,ABONNEMENT SPOTIFY,10.99
2026-09-14,SAQ SUCCURSALE 1234,41.68
2026-09-25,AMAZON.CA,65.04
2026-09-23,PAIEMENT RECU - MERCI,-162.34
2026-10-13,RESTAURANT ST-HUBERT,15.18
2026-10-12,RESTAURANT ST-HUBERT,37.60
2026-10-27,RESTAURANT ST-HUBERT,31.15
2026-10-24,TIM HORTONS,39.00
2026-10-08,RESTAURANT ST-HUBERT,21.58
2026-10-14,ESSO STATION SERVICE,57.71
2026-10-13,ABONNEMENT SPOTIFY,10.99
2026-10-22,SAQ SUCCURSALE 1234,53.94
2026-10-24,AMAZON.CA,39.90
2026-10-15,PAIEMENT RECU - MERCI,-270.34
2026-11-18,UBER EATS,42.21
2026-11-19,TIM HORTONS,34.89
2026-11-03,TIM HORTONS,27.86
2026-11-15,UBER EATS,16.51
2026-11-13,RESTAURANT ST-HUBERT,21.35
2026-11-11,ESSO STATION SERVICE,54.75
2026-11-13,ABONNEMENT SPOTIFY,10.99
2026-11-27,SAQ SUCCURSALE 1234,42.65
2026-11-27,AMAZON.CA,34.91
2026-11-01,PAIEMENT RECU - MERCI,-249.88
2026-12-12,UBER EATS,34.50
2026-12-25,TIM HORTONS,16.21
2026-12-01,UBER EATS,20.98
2026-12-01,ESSO STATION SERVICE,60.43
2026-12-08,ABONNEMENT SPOTIFY,10.99
2026-12-22,SAQ SUCCURSALE 1234,33.43
2026-12-07,AMAZON.CA,87.90
2026-12-09,AMAZON.CA,106.01
2026-12-06,AMAZON.CA,96.35
2026-12-24,AMAZON.CA,103.10
2026-12-25,LA BAIE,145.54
2026-12-10,PAIEMENT RECU - MERCI,-172.97
2026-09-12,UBER EATS,27.85
2026-09-12,UBER EATS,27.85
